,Start_Time,End_Time
0,2023-02-24 16:50:57.951361,2023-02-24 16:50:58.475818
1,2023-02-24 16:50:58.506815,2023-02-24 16:51:01.547023
2,2023-02-24 16:51:01.914206,2023-02-24 16:51:01.947171
3,2023-02-24 16:51:02.538822,2023-02-24 16:51:03.418809
4,2023-02-24 16:51:03.514344,2023-02-24 16:51:03.914791
5,2023-02-24 16:51:04.685734,2023-02-24 16:51:05.484132
6,2023-02-24 16:51:05.549571,2023-02-24 16:51:05.611176
7,2023-02-24 16:51:07.739827,2023-02-24 16:51:08.938462
8,2023-02-24 16:51:09.179923,2023-02-24 16:51:09.580943
9,2023-02-24 16:51:11.020002,2023-02-24 16:51:11.116357
10,2023-02-24 16:51:11.212477,2023-02-24 16:51:12.571170
11,2023-02-24 16:51:12.619896,2023-02-24 16:51:12.652453
12,2023-02-24 16:51:13.611049,2023-02-24 16:51:15.678050
